id,Sdate,Adate,Odate
6012,22/09/2021,,
6011,22/09/2021,,
6008,22/09/2021,,
6007,22/09/2021,,
6006,22/09/2021,,
6005,22/09/2021,,
6003,22/09/2021,,
6002,22/09/2021,,
6000,22/09/2021,,
5999,22/09/2021,,
5997,22/09/2021,22/09/2021,
5995,22/09/2021,22/09/2021,
5994,22/09/2021,22/09/2021,
5992,22/09/2021,22/07/2021,
5991,22/09/2021,,
5988,22/09/2021,,
5987,22/09/2021,,
5986,22/09/2021,11/06/2021,
5984,22/09/2021,22/09/2021,
5982,22/09/2021,22/09/2021,
5981,22/09/2021,,
5980,22/09/2021,,
5979,22/09/2021,22/09/2021,
5978,22/09/2021,,
5977,22/09/2021,,
5975,22/09/2021,,
5974,22/09/2021,,
5973,22/09/2021,22/09/2021,
5972,22/09/2021,22/09/2021,
5971,22/09/2021,,
5970,22/09/2021,,
5968,22/09/2021,,
5966,22/09/2021,,
5964,22/09/2021,,
5963,22/09/2021,22/09/2021,
5962,22/09/2021,,
5961,22/09/2021,,
5960,22/09/2021,,
5959,22/09/2021,,
5958,22/09/2021,22/09/2021,
5957,22/09/2021,,
5956,22/09/2021,,
5954,22/09/2021,22/09/2021,
5951,22/09/2021,,
5950,21/09/2021,22/09/2021,22/09/2021
5948,21/09/2021,22/09/2021,
5946,21/09/2021,22/09/2021,
5945,22/09/2021,22/09/2021,
5943,21/09/2021,22/09/2021,
5936,21/09/2021,22/09/2021,
5934,21/09/2021,21/09/2021,22/09/2021
5933,21/09/2021,22/09/2021,
5926,22/09/2021,22/09/2021,
5920,21/09/2021,21/09/2021,22/09/2021
5919,21/09/2021,21/09/2021,22/09/2021
5917,21/09/2021,21/09/2021,22/09/2021
5911,22/09/2021,,
5903,22/09/2021,,
5900,21/09/2021,22/09/2021,
5875,20/09/2021,21/09/2021,22/09/2021
5873,22/09/2021,22/09/2021,
5872,20/09/2021,21/09/2021,22/09/2021
5867,20/09/2021,20/09/2021,22/09/2021
5853,22/09/2021,22/09/2021,
5848,22/09/2021,,
5845,22/09/2021,22/09/2021,
5834,20/09/2021,21/09/2021,22/09/2021
5805,19/09/2021,21/09/2021,22/09/2021
5746,22/09/2021,,
5732,22/09/2021,,
5711,20/09/2021,21/09/2021,22/09/2021
5675,19/09/2021,20/09/2021,22/09/2021
5674,16/09/2021,20/09/2021,22/09/2021
5661,22/09/2021,22/09/2021,
5537,15/09/2021,16/09/2021,22/09/2021
5511,22/09/2021,,
5507,22/09/2021,22/09/2021,
5415,22/09/2021,,
5389,22/09/2021,22/09/2021,
5269,09/09/2021,10/09/2021,22/09/2021
4710,26/08/2021,26/08/2021,22/09/2021
4464,16/08/2021,16/08/2021,22/09/2021
4300,07/08/2021,09/08/2021,22/09/2021
